{
	"info": {
		"_postman_id": "c993f6c4-1aa2-4a52-a817-7e4280aa60a3",
		"name": "Meds",
		"schema": "https://schema.getpostman.com/json/collection/v2.1.0/collection.json"
	},
	"item": [
		{
			"name": "Get",
			"request": {
				"method": "GET",
				"header": [],
				"url": {
					"raw": "localhost:3000/meds?id=1",
					"host": [
						"localhost"
					],
					"port": "3000",
					"path": [
						"meds"
					],
					"query": [
						{
							"key": "id",
							"value": "1"
						}
					]
				}
			},
			"response": []
		},
		{
			"name": "Add",
			"request": {
				"method": "POST",
				"header": [],
				"body": {
					"mode": "raw",
					"raw": "{\r\n    \"client\": \"1\",\r\n    \"name\":\"Buscopan\",\r\n    \"time\":\"12:00\",\r\n    \"repeat\":2,\r\n    \"startDate\":\"18/02/2022\",\r\n    \"endDate\":\"25/02/2022\"\r\n}",
					"options": {
						"raw": {
							"language": "json"
						}
					}
				},
				"url": {
					"raw": "localhost:3000/meds",
					"host": [
						"localhost"
					],
					"port": "3000",
					"path": [
						"meds"
					]
				}
			},
			"response": []
		},
		{
			"name": "Remove",
			"request": {
				"method": "DELETE",
				"header": [],
				"url": {
					"raw": "localhost:3000/meds?id=621011dd1bdedf703defb0c4",
					"host": [
						"localhost"
					],
					"port": "3000",
					"path": [
						"meds"
					],
					"query": [
						{
							"key": "id",
							"value": "621011dd1bdedf703defb0c4"
						}
					]
				}
			},
			"response": []
		}
	]
}